POST_ID,FIRST_NAME,LAST_NAME,GENDER,POST_TEXT,LIKES
1,Evangelin,Cud,Female,hac habitasse platea dictumst morbi vestibulum velit id pretium iaculis diam erat fermentum justo nec condimentum neque sapien,7040
2,Caressa,Paddingdon,Female,mi in porttitor pede justo eu massa donec dapibus duis at velit,3236
3,Ashby,Larn,Male,donec diam neque vestibulum eget vulputate ut ultrices vel augue vestibulum ante ipsum primis in faucibus orci luctus,2968
4,Lionel,Waison,Male,bibendum morbi non quam nec dui luctus rutrum nulla tellus in sagittis dui vel nisl,9011
5,Win,Lux,Male,sollicitudin ut suscipit a feugiat et eros vestibulum ac est lacinia nisi venenatis tristique fusce congue,6140
6,Lowell,Smallpeice,Male,suscipit a feugiat et eros vestibulum ac est lacinia nisi venenatis,804
7,Morgan,Bengtson,Male,velit donec diam neque vestibulum eget vulputate ut ultrices vel,217
8,Mariann,Mogg,Female,amet consectetuer adipiscing elit proin risus praesent lectus vestibulum quam sapien varius ut blandit non interdum,1997
9,Morrie,Parrott,Male,amet eleifend pede libero quis orci nullam molestie nibh in lectus pellentesque at nulla,5416
10,Giuseppe,Theze,Male,donec semper sapien a libero nam dui proin leo odio,4481
11,Aubrette,Godman,Female,mi in porttitor pede justo eu massa donec dapibus duis,9840
12,Errol,Abbis,Male,erat fermentum justo nec condimentum neque sapien placerat ante nulla justo aliquam quis turpis eget elit sodales scelerisque mauris,6354
13,Danni,Gorick,Female,elit proin risus praesent lectus vestibulum quam sapien varius ut blandit non interdum in,7908
14,Obadiah,Seiller,Male,nulla ultrices aliquet maecenas leo odio condimentum id luctus nec molestie sed justo pellentesque viverra pede ac diam,2524
15,Georgy,Dowden,Bigender,habitasse platea dictumst aliquam augue quam sollicitudin vitae consectetuer eget rutrum at lorem integer,5718
16,Mable,Temple,Female,ut rhoncus aliquet pulvinar sed nisl nunc rhoncus dui vel sem sed sagittis nam congue risus semper porta,722
17,Aigneis,Cortes,Female,mauris morbi non lectus aliquam sit amet diam in magna bibendum imperdiet nullam orci pede venenatis non sodales sed tincidunt,4176
18,Cullen,Caccavari,Male,aliquam erat volutpat in congue etiam justo etiam pretium iaculis justo in hac habitasse platea dictumst etiam,7998
19,Sonia,Hamments,Female,nascetur ridiculus mus vivamus vestibulum sagittis sapien cum sociis natoque,8991
20,Modestine,Grog,Female,a suscipit nulla elit ac nulla sed vel enim sit amet,9919
21,Sutton,Lasseter,Male,curae nulla dapibus dolor vel est donec odio justo sollicitudin ut suscipit a feugiat et eros vestibulum ac est,1691
22,Meredith,Hallmark,Female,et commodo vulputate justo in blandit ultrices enim lorem ipsum dolor sit amet consectetuer adipiscing elit proin interdum mauris non,9102
23,Devan,Sorrell,Female,consectetuer adipiscing elit proin interdum mauris non ligula pellentesque ultrices phasellus id,3422
24,Windham,Easeman,Male,aliquet ultrices erat tortor sollicitudin mi sit amet lobortis sapien,9962
25,Bria,Triswell,Female,sed tincidunt eu felis fusce posuere felis sed lacus morbi sem mauris laoreet ut,3565
26,Katy,Domerque,Female,varius nulla facilisi cras non velit nec nisi vulputate nonummy maecenas tincidunt lacus at velit vivamus vel nulla,4074
27,Joleen,Duigan,Female,cras mi pede malesuada in imperdiet et commodo vulputate justo in blandit ultrices enim lorem ipsum dolor,7751
28,Bondie,Silberschatz,Male,non lectus aliquam sit amet diam in magna bibendum imperdiet nullam orci pede venenatis non,2807
29,Winfred,Hunton,Agender,nulla dapibus dolor vel est donec odio justo sollicitudin ut suscipit a feugiat et eros vestibulum ac est lacinia nisi,8859
30,Pennie,Hesser,Genderqueer,nunc rhoncus dui vel sem sed sagittis nam congue risus semper porta volutpat quam pede lobortis ligula sit,5612
31,Franky,Southernwood,Male,id mauris vulputate elementum nullam varius nulla facilisi cras non velit nec nisi vulputate nonummy maecenas tincidunt lacus,4239
32,Lilyan,Fairlem,Female,sapien urna pretium nisl ut volutpat sapien arcu sed augue aliquam erat volutpat in congue etiam justo etiam,9750
33,Chalmers,Benardeau,Male,odio consequat varius integer ac leo pellentesque ultrices mattis odio donec vitae nisi nam ultrices libero,373
34,Sloan,Huller,Male,sit amet consectetuer adipiscing elit proin interdum mauris non ligula pellentesque ultrices phasellus id sapien in sapien iaculis congue vivamus,5875
35,Claybourne,Busher,Male,lacus morbi sem mauris laoreet ut rhoncus aliquet pulvinar sed nisl,8531
36,Ab,Herculeson,Male,diam vitae quam suspendisse potenti nullam porttitor lacus at turpis donec posuere metus vitae ipsum aliquam,4680
37,Artie,Alliband,Bigender,pharetra magna vestibulum aliquet ultrices erat tortor sollicitudin mi sit amet,5611
38,Pattin,Bulle,Male,in faucibus orci luctus et ultrices posuere cubilia curae duis faucibus accumsan,3097
39,Karl,Lecount,Male,at velit vivamus vel nulla eget eros elementum pellentesque quisque porta volutpat erat,2837
40,Theodor,Robey,Male,sit amet diam in magna bibendum imperdiet nullam orci pede venenatis non sodales sed,9247
41,Susanne,Tandy,Female,lectus vestibulum quam sapien varius ut blandit non interdum in ante vestibulum ante ipsum primis in faucibus orci luctus,9237
42,Violette,Hutcheon,Female,vestibulum eget vulputate ut ultrices vel augue vestibulum ante ipsum primis in faucibus,3318
43,Grannie,Craigg,Male,primis in faucibus orci luctus et ultrices posuere cubilia curae donec,8360
44,Judon,Yurkiewicz,Male,amet sem fusce consequat nulla nisl nunc nisl duis bibendum felis sed interdum,7031
45,Willow,Drain,Female,tincidunt in leo maecenas pulvinar lobortis est phasellus sit amet erat,4924
46,Kirsteni,Garrud,Female,cubilia curae donec pharetra magna vestibulum aliquet ultrices erat tortor sollicitudin mi sit amet lobortis sapien sapien non mi,902
47,Jack,Storror,Male,varius integer ac leo pellentesque ultrices mattis odio donec vitae nisi,434
48,Kendal,Hannant,Male,nibh fusce lacus purus aliquet at feugiat non pretium quis lectus suspendisse potenti in eleifend quam a,2025
49,Penrod,Abramovitch,Male,parturient montes nascetur ridiculus mus etiam vel augue vestibulum rutrum,2976
50,Tobiah,Dossit,Male,eget eleifend luctus ultricies eu nibh quisque id justo sit amet,5339
51,Morton,Clorley,Male,ligula pellentesque ultrices phasellus id sapien in sapien iaculis congue vivamus,1309
52,Gordon,Blockley,Male,erat fermentum justo nec condimentum neque sapien placerat ante nulla justo aliquam,7163
53,Hildegarde,Schutt,Female,nisi eu orci mauris lacinia sapien quis libero nullam sit amet turpis elementum ligula vehicula consequat morbi a ipsum integer,6666
54,Cordelia,Woodfin,Female,interdum mauris ullamcorper purus sit amet nulla quisque arcu libero rutrum ac lobortis vel,8512
55,Conny,McKnockiter,Female,quam pharetra magna ac consequat metus sapien ut nunc vestibulum ante ipsum primis in faucibus orci luctus et,274
56,Marie-jeanne,Fearick,Genderfluid,dui maecenas tristique est et tempus semper est quam pharetra magna ac consequat metus sapien ut,8244
57,Shari,Corbitt,Female,sed ante vivamus tortor duis mattis egestas metus aenean fermentum donec ut mauris eget massa tempor convallis,3108
58,Herold,Hockey,Male,velit eu est congue elementum in hac habitasse platea dictumst morbi vestibulum,2713
59,Gregor,Tapson,Male,vivamus in felis eu sapien cursus vestibulum proin eu mi,2290
60,Wash,Thody,Male,felis fusce posuere felis sed lacus morbi sem mauris laoreet,5024
61,Port,Nassey,Male,cras pellentesque volutpat dui maecenas tristique est et tempus semper est quam pharetra magna ac consequat metus,9996
62,Kali,Abeles,Female,neque vestibulum eget vulputate ut ultrices vel augue vestibulum ante ipsum primis in faucibus orci luctus et ultrices,7980
63,Corie,Privost,Female,in imperdiet et commodo vulputate justo in blandit ultrices enim lorem ipsum dolor sit amet consectetuer adipiscing elit proin,7986
64,Caro,Garfoot,Female,fermentum justo nec condimentum neque sapien placerat ante nulla justo aliquam quis turpis,3503
65,Stern,Whistlecroft,Male,tempus sit amet sem fusce consequat nulla nisl nunc nisl duis bibendum,3434
66,Marillin,Farlowe,Female,ridiculus mus etiam vel augue vestibulum rutrum rutrum neque aenean auctor gravida sem praesent id massa id nisl,5690
67,Tallie,Jerred,Male,ut erat id mauris vulputate elementum nullam varius nulla facilisi cras non velit nec,5809
68,Daveta,Mesnard,Female,curae nulla dapibus dolor vel est donec odio justo sollicitudin ut suscipit a feugiat et eros vestibulum ac est,2790
69,Saunders,Petrolli,Male,donec ut dolor morbi vel lectus in quam fringilla rhoncus mauris enim leo rhoncus sed,4879
70,De witt,Pattie,Male,habitasse platea dictumst aliquam augue quam sollicitudin vitae consectetuer eget rutrum at lorem integer,339
71,Granthem,Lovie,Male,quis odio consequat varius integer ac leo pellentesque ultrices mattis odio donec vitae,3300
72,Cara,Jouannisson,Agender,nibh in hac habitasse platea dictumst aliquam augue quam sollicitudin vitae consectetuer eget rutrum at lorem integer tincidunt ante vel,5354
73,Robbi,Omrod,Female,pellentesque quisque porta volutpat erat quisque erat eros viverra eget congue eget semper rutrum nulla,4898
74,Meier,Fonte,Male,sapien non mi integer ac neque duis bibendum morbi non quam nec dui luctus rutrum nulla tellus in,3191
75,Godfree,Lidell,Male,neque aenean auctor gravida sem praesent id massa id nisl venenatis lacinia aenean sit amet justo morbi,9329
76,Rayner,Lampe,Male,sapien urna pretium nisl ut volutpat sapien arcu sed augue aliquam erat volutpat in congue etiam justo,4523
77,Alexandros,Turney,Male,congue risus semper porta volutpat quam pede lobortis ligula sit amet eleifend pede,1915
78,Alard,Eveling,Male,massa tempor convallis nulla neque libero convallis eget eleifend luctus ultricies,1602
79,Olivette,Tompkiss,Female,nulla ut erat id mauris vulputate elementum nullam varius nulla facilisi cras non velit,3564
80,Clarence,McClarence,Male,ut nunc vestibulum ante ipsum primis in faucibus orci luctus et ultrices posuere,1195
81,Ruthe,Dat,Female,a feugiat et eros vestibulum ac est lacinia nisi venenatis tristique fusce congue diam id ornare imperdiet sapien,290
82,Gardner,Bitchener,Male,montes nascetur ridiculus mus etiam vel augue vestibulum rutrum rutrum neque aenean,3699
83,Hurley,Pardoe,Male,lacinia aenean sit amet justo morbi ut odio cras mi pede malesuada in,7631
84,Clayborne,Cicconetti,Male,mattis egestas metus aenean fermentum donec ut mauris eget massa tempor convallis,8429
85,Fedora,Breens,Female,odio cras mi pede malesuada in imperdiet et commodo vulputate justo in blandit ultrices enim lorem ipsum,9021
86,Lu,Aldred,Female,elit sodales scelerisque mauris sit amet eros suspendisse accumsan tortor quis turpis sed ante vivamus tortor duis,7073
87,Esteban,Johnston,Male,lectus suspendisse potenti in eleifend quam a odio in hac habitasse platea dictumst maecenas ut massa quis augue,351
88,Eryn,MacCome,Female,dolor sit amet consectetuer adipiscing elit proin risus praesent lectus vestibulum quam sapien varius ut blandit,7761
89,Thalia,Rizzetti,Female,integer pede justo lacinia eget tincidunt eget tempus vel pede,4391
90,Ernesto,Vannah,Male,et ultrices posuere cubilia curae donec pharetra magna vestibulum aliquet ultrices erat tortor sollicitudin mi sit amet lobortis sapien,6637
91,Gherardo,Dandison,Male,quam suspendisse potenti nullam porttitor lacus at turpis donec posuere metus vitae ipsum aliquam non,6024
92,Shawna,Becom,Female,quam pede lobortis ligula sit amet eleifend pede libero quis orci nullam molestie nibh in,8399
93,Corine,Khomishin,Female,molestie nibh in lectus pellentesque at nulla suspendisse potenti cras in purus eu magna vulputate luctus cum sociis natoque penatibus,2656
94,Carolyne,Eddolls,Female,cubilia curae duis faucibus accumsan odio curabitur convallis duis consequat dui nec nisi volutpat eleifend donec ut dolor morbi,9153
95,Barbie,Crutchfield,Non-binary,nam nulla integer pede justo lacinia eget tincidunt eget tempus vel pede morbi porttitor lorem id ligula suspendisse ornare,2955
96,Cherice,Powlett,Female,quisque porta volutpat erat quisque erat eros viverra eget congue eget,5795
97,Dusty,Napolione,Non-binary,vel nisl duis ac nibh fusce lacus purus aliquet at feugiat non pretium,1325
98,Leroi,Bonnick,Male,mi in porttitor pede justo eu massa donec dapibus duis at,9809
99,Gwen,D'Emanuele,Female,curabitur at ipsum ac tellus semper interdum mauris ullamcorper purus sit amet nulla quisque arcu,4729
100,Pearle,Duckfield,Female,vestibulum rutrum rutrum neque aenean auctor gravida sem praesent id massa id nisl,8277
